HD,SD,1,Channel name,Notes,TSID,SID,Owner/parent company,Broadcast hours,Package HD,Package SD,Package +1
"101 (Scot, Wales, NI)",101 (Eng),,BBC One,4 national HD & 17 regional SD variations (Virgin unavailable in CI or ScotB),?,?,BBC,24 hours,Player,,
108 (Eng),,,,On-demand,,,,,,,
102,,,BBC Two,"3 HD regional variations: Network (Eng & Scot), Wales & NI.",101,10119 (Eng/Scot)/10120 (Wales)/10122 (NI),BBC,24 hours,Player,,
,,,,On-demand,,,,,,,
"103 (Eng, Wales)","113 (Eng, Wales)","114 (Eng (not CI), Wales)",ITV,"16 HD, 16 SD & 4 +1 regional variations (Virgin unavailable in CI or ScotB)",?,?,ITV Network Ltd (ITV plc),24 hours,Player,,
103 (ScotNotSB),,114 (ScotNotSB),STV,3 STV HD & 2 STV+1 regional variations.,102/102,"10215, 10218, 10219/10246 & 10253",ITV Network Ltd (STV Group),24 hours,Player,,Player
103 (NI),113 (NI),114 (NI),UTV,,102,10275/10220/10249,ITV Network Ltd (ITV plc),24 hours,Player,,
104 (London),"104 (except London, Wales)",142,Channel 4,"1 HD (London), 6 SD & 4 +1 advertising regions",102,10222/(10254-10258)/(10223-10227)/(10228-10233),Channel Four Television Corporation,24 hours,Player,,
141 (except London),108 (Wales),,,,,,,,,,
104 (Wales),,,S4C,Programmes in Welsh,27,2701,S4C Authority,07:00–00:00,Player,,
"166 (Eng, Scot, NI)",,,,,,,,,,,
105,154,155,Channel 5,,27/08/2008,2703/811/804,ViacomCBS Networks UK & Australia,24 hours,Player,,
145,106,146,E4,,28/08/2008,2904/821/822,Channel Four Television Corporation,24 hours,Player & Drama,Player,
107,,,BBC Four,On-demand,23,2305,BBC,18:58–05:30,Player,,
108 (Scot),,,BBC Scotland,On-demand,16,1603,BBC,10:00-11:40,Player,,
"162 (Eng, Wales, NI)",,,,,,,,19:00–0:00,,,
109,110,,Sky One,,26-Apr,2604/414,Sky UK Ltd,24 hours,Full House,Player & Drama,
111,112,180,Sky Witness,,29/03/2007,2901/325/718,Sky UK Ltd,24 hours,Full House,Player & Drama,
176,115,116,ITV2,,17/10/2003,1704/1020/313,ITV Digital Channels Ltd (ITV plc),24 hours,Player & Drama,Player,
177,117,174,ITV3,,17/11/2011,1705/1108/1109,ITV Digital Channels Ltd (ITV plc),24 hours,Player & Drama,Player,
178,118,175,ITV4,,17/10/2007,1706/1021/717,ITV Digital Channels Ltd (ITV plc),24 hours,Player & Drama,Player,
179,119,"120 (Eng, Wales, NI)",ITVBe,,25/10/2003,2502/1006/314,ITV Digital Channels Ltd (ITV plc),24 hours,Player & Drama,Player,
,,162 (Scot),,,,,,,,,
,120 (Scot),,BBC Alba,Programmes in Scottish Gaelic.,6,611,BBC/MG Alba,17:00–00:00 (Mon–Fri),,Player,
,,,,On-demand,,,,16:00–01:00 (Saturday),,,
,"161 (Eng, Wales, NI)",,,,,,,16:00–00:00 (Sunday),,,
121,122,,Sky Comedy,,13-Mar,1305/316,Sky UK Ltd,08:00–05:00,Full House,Player & Drama,
156,123,,Sky Arts,,23-Oct,2308/1014,Sky UK Ltd,24 hours,Full House,Player,
124,,194,Gold,,30-Mar,3005/307,UKTV (BBC Studios),07:00–04:00,Player & Drama,,Player & Drama
211,125,190,W,,18/02/2011,1804/209/1107,UKTV (BBC Studios),06:00–03:00,Player & Drama,,
212,126,191,Alibi,,28/02/2003,2803/203/301,UKTV (BBC Studios),07:00–04:00,Player & Drama,,
227,127,131,Dave,,18/02/2003,1803/201/303,UKTV (BBC Studios),07:00–04:00,Player & Drama,Player,
,,(Dave ja vu),,,,,,,,,
,128,,Really,,2,211,"Discovery, Inc",04:00–02:00,,Player,
,129,200,Yesterday,,02-Nov,207/1120,UKTV (BBC Studios),06:00–03:00,,Player,
,130,226,Drama,,2,210/220,UKTV (BBC Studios),07:00–04:00,,Player,
132,181,133,Comedy Central,,28/05/2007,2802/523/715,Paramount UK Partnership (Paramount British Pictures/Sky UK Ltd),08:00–05:00,Player & Drama,,
134,183,,MTV,,25-Apr,2506/401,ViacomCBS Networks UK & Australia,06:00–03:00,Full House,,
135,136,207,Sky Crime,,18/02/2011,1802/216/1102,Sky UK Ltd,24 hours,Full House,,
137,138,229,Syfy,,28/06/2021,2801/623/2131,NBCUniversal International Networks,11:00–08:00,Full House,Player & Drama,
139,140,,E!,,24-Jun,2407/627,NBCUniversal International Networks,07:00–05:00,Full House,,
203,143,,4seven,,28-Mar,2805/302,Channel Four Television Corporation,09:00–05:00,Player,,
195,147,196,More4,,20/08/2004,2005/823/420,Channel Four Television Corporation,09:00–04:00,Player & Drama,Player,
,148,201,CBS Reality,,11-Nov,1117/1121,CBS AMC Networks UK Channels Partnership,09:00–06:00,,Player,
,149,202,Horror Channel,,11-Nov,1118/1124,CBS AMC Networks UK Channels Partnership,08:00–05:00,,Player,
150,187,,Paramount Network,,24-Oct,2406/1002,ViacomCBS Networks UK & Australia,09:00–06:00,Player,,
,151,186,5STAR,,08-Aug,805/808,ViacomCBS Networks UK & Australia,09:00–04:00,,Player,
,152,,5SELECT,,8,802,ViacomCBS Networks UK & Australia,24 hours,,Player,
,153,185,5USA,,8,806/803,ViacomCBS Networks UK & Australia,09:00–04:00,,Player,
199,157,158,Fox,,29/05/2007,2902/524/723,Disney Channels Worldwide,08:00–05:00,Player & Drama,,
,159,,Regional channels,See table below,101,Various,Various,Varies,,Player,
,160,,Sky Replay,,2,214,Sky UK Ltd,24 hours,,Player & Drama,
,164,,Challenge,,11,1103,Sky UK Ltd,24 hours,,Player,
,165,,Pick,,11,1116,Sky UK Ltd,24 hours,,Player,
167,,172,TLC,,19-May,1906/509,"Discovery, Inc",24 hours,Full House,,Full House
,168,173,Investigation Discovery,,05-May,501/511,"Discovery, Inc",24 hours,,Full House,
169,,213,Quest,,29-Mar,2905/315,"Discovery, Inc",24 hours,Player,,Player
,170,,Quest Red,,6,603,"Discovery, Inc",24 hours,,Player,
,171,214,DMAX,,05-May,508/504,"Discovery, Inc",24 hours,,Full House,
,182,,Comedy Central Extra,,7,722,Paramount UK Partnership (Paramount British Pictures/Sky UK Ltd),09:00–06:00,,Full House,
,184,,BET,,4,405,ViacomCBS Networks UK & Australia,24 hours,,Player,
,189,,Sony Channel,,11,1113,Columbia Pictures Corporation Ltd,24 hours,,Player,
,192,,CBS Justice,,8,819,CBS AMC Networks UK Channels Partnership,09:00–06:00,,Player,
,197,,CBS Drama,,8,807,CBS AMC Networks UK Channels Partnership,09:00–05:00,,Player,
,198,,YouTube,Service,22,2204,"Google, Inc.",24 hours,,Player,
,204,,Netflix,Service,22,2206,"Netflix, Inc.",24 hours,,Premium,
,205,,Amazon Prime,Service,21,2105,Amazon,24 hours,,Premium,
208,,,Lifetime,,16,1604,A&E Networks UK (A&E Networks/Sky UK Ltd),24 hours,Full House,,
209,,222,Crime + Investigation,,16-Jun,1605/609,A&E Networks UK (A&E Networks/Sky UK Ltd),24 hours,Full House,,Full House
,216,,Blaze,,7,702,A&E Networks UK (A&E Networks/Sky UK Ltd),24 hours,,Player,
228,,,Virgin TV Ultra HD,Service,?,?,Virgin Media (Liberty Global),Varies,Full House,,
999,,,,,,,,,,,
,,,,,,,,,,,
Regional and audio description,,,,,,,,,,,
,,,,,,,,,,,
HD,SD,1,Channel name,Notes,TSID,SID,Owner/parent company,Broadcast hours,Package HD,Package SD,Package +1
Regional,,,,,,,,,,,
,159 (Grimsby),,That’s TV Humber,,101,10139,That’s TV,06:00–00:00,,Player,
,159 (London & surrounding areas.),,London Live,,101,10138,ESTV (Lebedev Holdings Ltd),06:00–00:00,,Player,
,159 (Nottingham & surrounding areas),,Notts TV,,101,10141,Confetti Media Group,16:00–00:00,,Player,
,"159 (Brighton, Hove & surrounding areas)",,Latest TV,,101,10143,Latest TV Ltd,24 hours,,Player,
,"159 (Sheffield, Rotherham & surrounding areas)",,Sheffield Live TV,,101,10145,Sheffield Community Media Ltd,24 hours,,Player,
,159 (Belfast & surrounding areas),,NVTV,,101,10144,Northern Visions Ltd,24 hours,,Player,
,159 (Bristol & surrounding areas),,Bristol TV,,101,10147,Local Television Ltd,24 hours,,Player,
,159 (Cardiff & surrounding areas),,Cardiff TV,,101,10148,Local Television Ltd,24 hours,,Player,
,"159 (Leeds, Kirklees & surrounding area)",,Leeds TV,,101,10149,Local Television Ltd,24 hours,,Player,
,159 (Gateshead & Wearside),,Tyne & Wear TV,,101,10150,Local Television Ltd,24 hours,,Player,
,"159 (Liverpool, Wirral, Warrington, Burnley & parts of Preston)",,Liverpool TV,,101,10152,Local Television Ltd,24 hours,,Player,
,"159 (Birmingham, Wolverhampton & surrounding area)",,Birmingham TV,,101,10153,Local Television Ltd,24 hours,,Player,
,159 (Swansea & surrounding areas),,That's TV South Wales,,101,10155,That's TV,24 hours,,Player,
,159 (Cambridge & surrounding areas),,That's TV Cambridge,,101,10154,That's TV,24 hours,,Player,
,159 (Teeside),,Teeside TV,,101,10156,Local Television Ltd,24 hours,,Player,
,159 (Maidstone & Tonbridge),,KMTV,,101,10157,KMTV Television,24 hours,,Player,
,159 (Norwich),,That's TV East,,101,10142,That's TV,17:30-22:30,,Player,
,,,,,,,,(Mon–Fri),,,
Audio description,,,,,,,,,,,
,851,,BBC One,London,6,613,BBC,24 hours,,Player,
,,,,AD,,,,,,,
,852,,BBC Two,Network,6,614,BBC,24 hours,,Player,
,,,,AD,,,,,,,
,853,,ITV,London,4,415,ITV Network Ltd (ITV plc),24 hours,,Player,
,,,,AD,,,,,,,
,854,,Channel 4,London,102,10262,Channel Four Television Corporation,24 hours,,Player,
,,,,AD,,,,,,,
,855,,Channel 5,AD,8,812,ViacomCBS Networks UK & Australia,24 hours,,Player,
,856,,S4C,AD,11,1123,S4C Authority,07:00-00:00,,Player,
Local,,,,,,,,,,,
,858 (Select regions),,BBC One,Alternative regional variation,101,Various,BBC,24 hours,,Player,
,861,,BBC One,London,6,601,BBC,24 hours,,Player,
,862,,BBC One,Scotland,10,1003,BBC,24 hours,,Player,
,863,,BBC One,Northern Ireland,6,602,BBC,24 hours,,Player,
,864,,BBC One,Wales,10,1004,BBC,24 hours,,Player,
,865,,BBC Two,Network,6,605,BBC,24 hours,,Player,
870 (Select regions),,,ITV,Alternative regional variation,Various,Various,ITV Network Ltd (ITV plc),24 hours,,Player,
871 (Select regions),,,,,,,,,,,
,875 (NI),,RTÉ One,,101,10136,Raidió Teilifís Éireann,24 hours,,Player,
,876 (NI),,RTÉ2,,101,10137,Raidió Teilifís Éireann,24 hours,,Player,
,877 (NI),,TG4,Programmes in Irish,102,10250,Teilifís na Gaeilge,24 hours,,Player,
Interactive,,,,,,,,,,,
,991,,BBC Red Button 1,,6,629,BBC,24 hours,,Player,
,,,,,,,,,,,
Factual & Lifestyle,,,,,,,,,,,
,,,,,,,,,,,
HD,SD,1,Channel name,Notes,TSID,SID,Owner/parent company,Broadcast hours,Package HD,Package SD,Package +1
Factual,,,,,,,,,,,
247,245,246,Eden,,18/02/2011,1801/202/1111,UKTV (BBC Studios),09:00–06:00,Full House,,
250,,258,Discovery,,16,1602,"Discovery, Inc",24 hours,Full House,,Full House
251,,259,Animal Planet,,20-May,2004/502,"Discovery, Inc",24 hours,Full House,,Full House
,252,260,Discovery Science,,03-May,308/503,"Discovery, Inc",24 hours,,Full House,
,256,,Discovery Turbo,,3,309,"Discovery, Inc",24 hours,,Full House,
,257,261,Discovery History,,03-May,306/505,"Discovery, Inc",24 hours,,Full House,
265,,,Nat Geo Wild,,24,2402,NGC-UK Partnership (National Geographic Society/Disney Channels Worldwide),08:00–05:00,Full House,,
268,266,267,National Geographic Channel,,30/03/2003,3002/317/318,NGC-UK Partnership (National Geographic Society/Disney Channels Worldwide),08:00–05:00,Full House,,
,,,,,,,,,,,
,,,,,,,,,,,
,269,,Together,,2,219,Community Channel,24 hours,,Player,
270,,271,Sky History,,16-Mar,1606/321,A&E Networks UK (A&E Networks/Sky UK Ltd),24 hours,Full House,,Full House
272,,,Sky History2,,27,2704,A&E Networks UK (A&E Networks/Sky UK Ltd),08:00–05:00,Full House,,
,273,,PBS America,,10,1012,PBS UK LLC,24 hours,,Player,
,274,,Forces TV,,11,1104,Services Sound & Vision Corporation,24 hours,,Player,
276,,,Smithsonian Channel,,17,1707,SNI/SI Networks LLC,24 hours,Player,,
277,278,,Sky Documentaries,,"20, 5","2006, 522",Sky UK Ltd,24 hours,Full House,Player,
279,280,,Sky Nature,,"25, 24","2507, 416",Sky UK Ltd,24 hours,Full House,Player,
Lifestyle,,,,,,,,,,,
,285,,Food Network,,10,1011,"Discovery, Inc",06:00–03:00,,Player,
,286,290,HGTV,,02-Mar,208/310,"Discovery, Inc",07:00–04:00,,Player,
,292,,God Channel,,6,606,The Angel Foundation,24 hours,,Player,
997,,,Get Moving,,13,1306,Virgin Media (Liberty Global),24 hours (Mon–Fri),Player,,
,,,,,,,,,,,
Music,,,,,,,,,,,
,,,,,,,,,,,
HD,SD,1,Channel name,Notes,TSID,SID,Owner/parent company,Broadcast hours,Package HD,Package SD,Package +1
,300,,New Music on Demand,Service,1,101,Virgin Media (Liberty Global),24 hours,,Player,
,310,,MTV Music,,4,406,ViacomCBS Networks UK & Australia,06:00–03:00,,Full House,
311,,,MTV Live,,29,2903,ViacomCBS Networks UK & Australia,24 hours,Full House,,
,312,,MTV Hits,,4,404,ViacomCBS Networks UK & Australia,06:00–03:00,,Full House,
,313,,MTV Base,,4,402,ViacomCBS Networks UK & Australia,06:00–03:00,,Full House,
,316,,MTV Classic e,,4,407,ViacomCBS Networks UK & Australia,06:00–03:00,,Full House,
,335,,The Box e,,5,520,The Box Plus Network (Channel Four Television Corporation),24 hours,,Full House,
,336,,Box Hits e,,5,518,The Box Plus Network (Channel Four Television Corporation),24 hours,,Full House,
,337,,4Music,,4,424,The Box Plus Network (Channel Four Television Corporation),24 hours,,Full House,
,338,,Kiss,,5,519,The Box Plus Network (Channel Four Television Corporation),24 hours,,Full House,
,340,,Magic,,5,521,The Box Plus Network (Channel Four Television Corporation),24 hours,,Full House,
,342,,Kerrang!,,5,517,The Box Plus Network (Channel Four Television Corporation),24 hours,,Full House,
,344,,Vevo,Service,22,2202,Vevo UK Ltd,24 hours,,Player,
,345,,Clubland TV e,,6,615,All Around the World Productions,24 hours,,Player,
,346,,NOW 80s e,,2,224,All Around the World Productions,24 hours,,Player,
,347,,NOW 90s e,,11,1105,All Around the World Productions,24 hours,,Player,
,348,,NOW 70s e,,2,225,All Around the World Productions,24 hours,,Player,
,,,,,,,,,,,
Movies,,,,,,,,,,,
,,,,,,,,,,,
HD,SD,1,Channel name,Notes,TSID,SID,Owner/parent company,Broadcast hours,Package HD,Package SD,Package +1
,400,,Virgin Movies & Store,,10,1013,FilmFlex/Virgin Media (Liberty Global),24 hours,,Player,
401,,,Sky Cinema Premiere e,,26,2603,Sky UK Ltd,24 hours,V.VIP,,
402,,,Sky Cinema Must See Movies e,,17,1702,Sky UK Ltd,24 hours,V.VIP,,
,,,(Sky Cinema Select),,,,,,,,
403,,,Sky Cinema Hits e,,24,2404,Sky UK Ltd,24 hours,V.VIP,,
404,,,Sky Cinema Greats e,,30,3004,Sky UK Ltd,24 hours,V.VIP,,
406,,,Sky Cinema Family e,,19,1902,Sky UK Ltd,24 hours,V.VIP,,
407,,,Sky Cinema Action e,,20,2002,Sky UK Ltd,24 hours,V.VIP,,
408,,,Sky Cinema Comedy e,,19,1903,Sky UK Ltd,24 hours,V.VIP,,
409,,,Sky Cinema Thriller e,,20,2001,Sky UK Ltd,24 hours,V.VIP,,
410,,,Sky Cinema Drama e,,17,1703,Sky UK Ltd,24 hours,V.VIP,,
411,,,Sky Cinema Sci Fi & Horror e,,30,3003,Sky UK Ltd,24 hours,V.VIP,,
412,,,Sky Cinema Animation e,,24,2405,Sky UK Ltd,24 hours,V.VIP,,
416,415,417,TCM Movies,,28/07/2010,2804/720/1018,Turner Broadcasting System Europe (WarnerMedia),24 hours,Player & Drama,,
,419,420,Movies 24 e,,6,618/619,NBCUniversal International Networks,24 hours,,Player & Drama,
,424,,Sony Movies Classic e,,11,1114,Columbia Pictures Corporation Ltd,24 hours,,Player,
,425,,Sony Movies,,2,215,Columbia Pictures Corporation Ltd,24 hours,,Player,
,426,,Sony Movies Action,,2,212,Columbia Pictures Corporation Ltd,24 hours,,Player,
429,428,430,Film4,,27/04/2004,2702/421/422,Channel Four Television Corporation,11:00–03:00,Player & Drama,Player,
,445,,Talking Pictures TV,,8,801,Talking Pictures TV Ltd,24 hours,,Player,
,,,,,,,,,,,
Sport,,,,,,,,,,,
,,,,,,,,,,,
HD,SD,1,Channel name,Notes,TSID,SID,Owner/parent company,Broadcast hours,Package HD,Package SD,Package +1
501,511,,Sky Sports Main Event e,,32/6,3201/617,Sky UK Ltd,24 hours,V.VIP,,
502,512,,Sky Sports Premier League e,,25-Feb,2501/217,Sky UK Ltd,24 hours,V.VIP,,
503,513,,Sky Sports Football e,,20-Jun,2003/628,Sky UK Ltd,24 hours,V.VIP,,
504,514,,Sky Sports Cricket e,,19-Jul,1901/706,Sky UK Ltd,24 hours,V.VIP,,
505,515,,Sky Sports Golf e,,23-Nov,2307/1110,Sky UK Ltd,24 hours,V.VIP,,
506,516,,Sky Sports F1 e,,27-Mar,2706/324,Sky UK Ltd,24 hours,V.VIP,,
507,517,,Sky Sports Action e,(February to September),27-Feb,2705/206,Sky UK Ltd,24 hours,V.VIP,,
,,,Sky Sports NFL e,(September to February),,,Sky UK Ltd,,,,
,,,,,,,(Branding licensed from the NFL),,,,
508,518,,Sky Sports Arena e,,23-Aug,2303/809,Sky UK Ltd,24 hours,V.VIP,,
509,519,,Sky Sports News e,,24-Jul,2401/725,Sky UK Ltd,24 hours,Full House,,
510,520,,Sky Sports Mix e,,23-Jul,2301/707,Sky UK Ltd,24 hours,Full House,,
521,,,Eurosport 1,Service,16,1601,"Discovery, Inc",24 hours,Full House,,
522,,,Eurosport 2,Service,19,1905,"Discovery, Inc",24 hours,Full House,,
228,,,Eurosport 4K,"(Via Virgin TV Ultra HD, Eurosport 1 & Eurosport 2)",14,1401,"Discovery, Inc",24 hours,Full House,,
521,,,,,,,,,,,
522,,,,,,,,,,,
999,,,,,,,,,,,
,526,,MUTV,,3,323,Manchester United F.C.,24 hours,,Premium,
527,,,BT Sport 1,S1,26,2606,BT Group plc,24 hours,Full House,,
,,,,,,,,,Premium,,
528,,,BT Sport 2,S1,25,2504,BT Group plc,24 hours,Full House,,
,,,,,,,,,Premium,,
529,,,BT Sport 3,S1,24,2403,BT Group plc,24 hours,Full House,,
,,,,,,,,,Premium,,
530,,,BT Sport ESPN,S1,26,2601,BT Group plc,24 hours,Full House,,
,,,,,,,,,Premium,,
531,,,BT Sport Ultimate,S1,22,2201,BT Group plc,24 hours,Full House,,
,,,,,,,,,Premium,,
535,,,Sky Sports Racing e,,13,1303,Sky UK Ltd,24 hours,Player,,
536,,,Racing TV,,18,1807,Racing TV,24 hours,Premium,,
544,,,LFCTV,,26,2607,Liverpool F.C,24 hours,Premium,,
,546,,BoxNation,,5,512,Boxing Channel Media Ltd,Varies,,Premium,
551,,,Premier Sports 1,,30,3001,Premier Media S.à r.l.,24 hours,Premium,,
552,,,Premier Sports 2,,13,1301,Premier Media S.à r.l.,24 hours,Premium,,
553,,,FreeSports,,30,3006,Premier Media S.à r.l.,24 hours,Player,,
554,,,LaLiga TV,,13,1304,Premier Media S.à r.l.,24 hours,Premium,,
,,,,,,,,,,,
Footnotes to the Sports section:,,,,,,,,,,,
,,,,,,,,,,,
S1 - BT Sport channels available with the Full House package or Premium package.,,,,,,,,,,,
News,,,,,,,,,,,
,,,,,,,,,,,
HD,SD,1,Channel name,Notes,TSID,SID,Owner/parent company,Broadcast hours,Package HD,Package SD,Package +1
601,,,BBC News,On-demand,28,2806,BBC,24 hours,Player,,
602,603,,Sky News,,25-Feb,2503/221,Sky UK Ltd,24 hours,Full House,Player,
,605,,BBC Parliament,On-demand,10,1001,BBC,24 hours,,Player,
,607,,CNN International,,4,423,Turner Broadcasting System Europe (WarnerMedia),24 hours,,Player,
609,,,Bloomberg Television,,18,1805,Bloomberg L.P.,24 hours,Player,,
,613,,CNBC Europe,,6,624,CNBC Europe (NBCUniversal),24 hours,,Player,
,620,,Euronews,,6,616,Media Globe Networks/NBC News International,24 hours,,Player,
,621,,NDTV 24x7,,2,213,New Delhi Television Ltd.,24 hours,,Player,
,622,,Al Jazeera English,,7,701,Al Jazeera,24 hours,,Player,
624,,,France 24 English,,29,2906,France Médias Monde,24 hours,Player,,
625,,,NHK World-Japan,,26,2605,NHK,24 hours,Player,,
,,,,,,,,,,,
Kids,,,,,,,,,,,
,,,,,,,,,,,
HD,SD,1,Channel name,Notes,TSID,SID,Owner/parent company,Broadcast hours,Package HD,Package SD,Package +1
,700,,Kids TV on Demand,On-demand,10,1007,Virgin Media (Liberty Global),24 hours,,V.VIP,
701,,,CBBC,On-demand,23,2304,BBC,07:00–21:00,Player,,
702,,,CBeebies,On-demand,23,2306,BBC,06:00–18:58,Player,,
,703,,BabyTV,,3,312,Disney Channels Worldwide,24 hours,,Premium,
732,704,705,Cartoon Network,,19/04/2008,1904/425/825,Turner Broadcasting System Europe (WarnerMedia),24 hours,V.VIP,,
,706,,Cartoonito,,5,525,Turner Broadcasting System Europe (WarnerMedia),04:00–21:00,,V.VIP,
714,712,713,Nickelodeon,,25/07/2007,2505/710/708,Nickelodeon UK (ViacomCBS Networks UK & Australia/Sky UK Ltd),03:00-00:00,V.VIP,,
,715,,Nick Jr.,,7,705,Nickelodeon UK (ViacomCBS Networks UK & Australia/Sky UK Ltd),24 hours,,V.VIP,
,716,,Nick Jr. Too e,,7,703,Nickelodeon UK (ViacomCBS Networks UK & Australia/Sky UK Ltd),03:00–00:00,,V.VIP,
,717,,Nicktoons,,7,709,Nickelodeon UK (ViacomCBS Networks UK & Australia/Sky UK Ltd),03:00–00:00,,V.VIP,
,730,731,Boomerang,,4,418/419,Turner Broadcasting System Europe (WarnerMedia),24 hours,,V.VIP,
,734,,CITV,,8,824,ITV Digital Channels Ltd (ITV plc),06:00–21:00,,Player,
,736,,Pop,,11,1115,Columbia Pictures Corporation Ltd,24 hours,,Player,
,737,,Tiny Pop,,11,1112,Columbia Pictures Corporation Ltd,24 hours,,Player,
,,,,,,,,,,,
Shopping,,,,,,,,,,,
,,,,,,,,,,,
HD,SD,1,Channel name,Notes,TSID,SID,Owner/parent company,Broadcast hours,Package HD,Package SD,Package +1
,740,,QVC,,2,222,QVC (Liberty Interactive),24 hours,,Player,
,741,,QVC Beauty,,11,1125,QVC (Liberty Interactive),24 hours,,Player,
,742,,QVC Style,,5,516,QVC (Liberty Interactive),24 hours,,Player,
,747,,Ideal World,,8,818,Ideal Shopping Direct Ltd,24 hours,,Player,
,748,,Create and Craft,,8,817,Ideal Shopping Direct Ltd,24 hours,,Player,
,755,,Gems TV,,10,1008,Gemporia Ltd,24 hours,,Player,
,756,,Jewellery Maker,,7,704,JewelleryMaker Ltd,24 hours,,Player,
757,,,TJC,,23,2302,The Jewellery Channel Ltd,24 hours,Player,,
,,,,,,,,,,,
International,,,,,,,,,,,
,,,,,,,,,,,
HD,SD,1,Channel name,Language/Notes,TSID,SID,Owner/parent company,Broadcast hours,Package HD,Package SD,Package +1
,800,,Desi Entertainment,Service,21,2103,Eros International / Viacom 18 Media Pvt Ltd (Viacom/TV18),24 hours,,Asian Mela,
,800,,Eros Now,Hindi and other Indian languages,3,340,Eros International,24 hours,,Premium,
,,,,(Via Desi Entertainment),,,,,,,
,800,,Voot,Hindi and other Indian languages,3,332,Viacom 18 Media Pvt Ltd (Viacom/TV18),24 hours,,Premium,
,,,,(Via Desi Entertainment),,,,,,,
801,,,Utsav Gold,Hindi,16,1607,Star India (The Walt Disney Company India),24 hours,Asian Mela,,
,802,,Utsav Bharat,Hindi,10,1019,Star India (The Walt Disney Company India),24 hours,,Asian Mela,
803,,,Utsav Plus,Hindi,27,2707,Star India (The Walt Disney Company India),24 hours,Asian Mela,,
805,,,Sony Entertainment Television,Hindi,19,1907,Sony Pictures Television,24 hours,Asian Mela,,
806,,,Sony Max,Hindi,20,2007,Sony Pictures Television,24 hours,Asian Mela,,
,807,,Sony SAB,Hindi,5,513,Sony Pictures Television,24 hours,,Asian Mela,
,808,,Sony Max 2,Hindi,11,1119,Sony Pictures Television,24 hours,,Asian Mela,
,809,,Zee TV,Hindi,6,604,Zee Entertainment Enterprises,24 hours,,Asian Mela,
810,,,Zee Cinema,Hindi,29,2907,Zee Entertainment Enterprises,24 hours,Asian Mela,,
,815,,B4U Movies,Hindi,6,625,B4U,24 hours,,Asian Mela,
,816,,B4U Music,"Hindi, English & Arabic",6,626,B4U,24 hours,,Asian Mela,
826,,,Colors,Hindi,2,223,Viacom 18 Media Pvt Ltd (Viacom/TV18),24 hours,Asian Mela,,
,827,,Colors Rishtey,Hindi,7,716,Viacom 18 Media Pvt Ltd (Viacom/TV18),24 hours,,Asian Mela,
,828,,Colors Cineplex,Hindi,2,218,Viacom 18 Media Pvt Ltd (Viacom/TV18),24 hours,,Asian Mela,
,829,,NDTV Good Times,Hindi,10,1017,New Delhi Television Ltd,24 hours,,Asian Mela,
,,,,04:03,,,,,,,
,831,,Al Jazeera Arabic,Arabic,3,311,Al Jazeera,24 hours,,Player,
,837,,NDTV Spice,Hindi,10,1016,New Delhi Television Ltd,24 hours,,Asian Mela,
,,,,04:03,,,,,,,
,838,,Islam Channel,04:03,11,1122,Mohamed Ali Harrath,24 hours,,Player,
,839,,Islam Channel Urdu,Urdu,6,607,Islam Channel (Urdu) Ltd,24 hours,,Player,
,,,,,,,,,,,
Radio,,,,,,,,,,,
All radio channels are broadcast in SD audio.,,,,,,,,,,,
,,,,,,,,,,,
SD,Channel name,Notes,TSID,SID,Owner/parent company,Broadcast hours,Package,,,,
901,BBC Radio 1,On-Demand,22,2212,BBC,24 hours,Player,,,,
902,BBC Radio 2,On-Demand,22,2213,BBC,24 hours,Player,,,,
903,BBC Radio 3,On-Demand,22,2214,BBC,24 hours,Player,,,,
904,BBC Radio 4,On-Demand,22,2215,BBC,24 hours,Player,,,,
905,BBC Radio 5 Live,On-Demand,22,2222,BBC,24 hours,Player,,,,
906,BBC World Service,,22,2221,BBC,24 hours,Player,,,,
907,BBC Radio 1Xtra,On-Demand,22,2209,BBC,24 hours,Player,,,,
908,BBC Radio 5 Live Extra,On-Demand,22,2223,BBC,24 hours,Player,,,,
909,BBC Radio 6 Music,On-Demand,22,2216,BBC,24 hours,Player,,,,
910,BBC Radio 4 Extra,On-Demand,22,2210,BBC,24 hours,Player,,,,
911,BBC Radio 4 LW,On-Demand,22,2225,BBC,24 hours,Player,,,,
912,BBC Asian Network,On-Demand,22,2211,BBC,24 hours,Player,,,,
913,BBC Radio Cymru 2,Programmes in Welsh.,22,2226,BBC,24 hours,Player,,,,
,,On-Demand,,,,,,,,,
915,Absolute Radio,,21,2115,Bauer Media,24 hours,Player,,,,
916,Smooth Radio,,21,2121,Global Radio,24 hours,Player,,,,
917,RTÉ Radio 1,,21,2119,Raidió Teilifís Éireann,24 hours,Player,,,,
918,Heart London,,21,2117,Global Radio,24 hours,Player,,,,
919,LBC 97.3,,21,2124,Global Radio,24 hours,Player,,,,
920,World Radio Network (WRN Radio),,21,2120,WRN Broadcast,24 hours,Player,,,,
921,Heart 80s,,21,2123,Global Radio,24 hours,Player,,,,
922,Classic FM,,21,2114,Global Radio,24 hours,Player,,,,
923,Gold Radio,,21,2111,Global Radio,24 hours,Player,,,,
924,Planet Rock,,21,2116,Bauer Media,24 hours,Player,,,,
927,Talksport,,21,2128,Wireless Group,24 hours,Player,,,,
928,Magic,,21,2125,Bauer Media,24 hours,Player,,,,
930,BBC Radio Scotland,On-Demand,22,2217,BBC,24 hours,Player,,,,
931,BBC Radio Wales,On-Demand,22,2219,BBC,24 hours,Player,,,,
932,BBC Radio Ulster,"Programmes in English, Irish and Ulster Scots",22,2218,BBC,24 hours,Player,,,,
,,On-Demand,,,,,,,,,
933,BBC Radio Foyle,On-Demand,22,2227,BBC,24 hours,Player,,,,
934,BBC Radio nan Gàidheal,Programmes in Scottish Gaelic,22,2220,BBC,24 hours,Player,,,,
,,On-Demand,,,,,,,,,
936,BBC Radio Cymru,Programmes in Welsh.,22,2208,BBC,24 hours,Player,,,,
,,On-Demand,,,,,,,,,
937,BBC London,On-Demand,22,2224,BBC,24 hours,Player,,,,
951,Absolute 80s,,26,2126,Bauer Media,24 hours,Player,,,,
952,Absolute Classic Rock,,21,2127,Bauer Media,24 hours,Player,,,,
958,Capital London,,21,2112,Global Radio,24 hours,Player,,,,
959,Capital Xtra,,21,2113,Global Radio,24 hours,Player,,,,
960,Radio X,,21,2118,Global Radio,24 hours,Player,,,,
963,Kiss FM,,21,2122,Bauer Media,24 hours,Player,,,,
,,,,,,,,,,,
Adult,,,,,,,,,,,
,,,,,,,,,,,
HD,SD,1,Channel name,Notes,TSID,SID,Owner/parent company,Broadcast hours,Package HD,Package SD,Package +1
,969,,Adult Previews,,7,721,Virgin Media (Liberty Global),24 hours,,Player,
,970,,Television X,Pay-per-night,10,1010,Portland TV,20:00–05:30,,Pay-per-view,
,978,,,Subscription,2,204,,,,Premium,
,971,,Babes & Brazzers,Pay-per-night,7,712,Playboy TV UK/Benelux Ltd,24 hours,,Pay-per-view,
,972,,Adult Channel,Pay-per-night,2,205,Playboy TV UK/Benelux Ltd,24 hours,,Pay-per-view,
,980,,,Subscription,10,1025,,,,Premium,
,973,,XXX Girl Girl,Pay-per-night,3,320,Playboy TV UK/Benelux Ltd,22:00-05:30,,Pay-per-view,
,979,,,Subscription,4,417,,,,Premium,
,974,,TVX 40+,,10,1023,Playboy TV UK/Benelux Ltd,22:00-05:30,,Pay-per-view,
,981,,Babenation,PIN required 06:00-22:00,8,815,Cellcast Group,24 hours,,Premium,
,982,,Meet the Babes,PIN required 06:00-22:00,7,719,Escape Channel Ltd,24 hours,,Premium,
983,,,Pure Babes,,22,2207,Escape Channel Ltd,22:00-05:30,Pay-per-view,,
,,,,,,,,,,,
Information and pay-per-views,,,,,,,,,,,
,,,,,,,,,,,
HD,SD,1,Channel name,Notes,TSID,SID,Owner/parent company,Broadcast hours,Package HD,Package SD,Package +1
,0,,Live Events Channel,Not available on TiVo boxes.,7,714,Virgin Media (Liberty Global),Varies,,Pay-per-view,
100,998,,Virgin Media Previews,,13,1308,Virgin Media (Liberty Global),24 hours,Player,,
,968,,For Parents,Divider from adult channels - parents' advisory,1,103/104,Virgin Media (Liberty Global),24 hours,,Player,
,,,,,,,,,,,
